Runtime,Protocol,Run,Throughput,MeanCPUPct,CPUusPerMsg,pct_kernel (syscall/softirq),pct_QUIC engine,pct_async runtime (tokio),pct_JS engine + JIT,pct_garbage collection,pct_TLS record layer,pct_TLS crypto (AEAD),pct_runtime bindings/ops,pct_tracing/log filtering,pct_libc (alloc + other),pct_unsymbolized runtime,pct_unclassified,usPerMsg_kernel (syscall/softirq),usPerMsg_QUIC engine,usPerMsg_async runtime (tokio),usPerMsg_JS engine + JIT,usPerMsg_garbage collection,usPerMsg_TLS record layer,usPerMsg_TLS crypto (AEAD),usPerMsg_runtime bindings/ops,usPerMsg_tracing/log filtering,usPerMsg_libc (alloc + other),usPerMsg_unsymbolized runtime,usPerMsg_unclassified
node,ws,20260803T143354Z__profiling__node__ws__loss0pct__delay0ms,61478.614,100.40,16.331,45.860,0.027,0.000,21.195,1.650,6.615,3.422,9.393,0.000,10.648,0.014,1.176,7.489,0.004,0.000,3.461,0.270,1.080,0.559,1.534,0.000,1.739,0.002,0.192
node,wtstream,20260803T143354Z__profiling__node__webtransport-fails-components__loss0pct__delay0ms,14514.273,107.46,74.039,12.319,27.197,0.000,34.672,6.756,0.133,0.964,5.473,0.000,10.559,1.455,0.472,9.121,20.136,0.000,25.671,5.002,0.099,0.714,4.052,0.000,7.818,1.077,0.349
node,wtdgram,20260803T143354Z__profiling__node__webtransport-datagram__loss0pct__delay0ms,16623.266,100.62,60.531,14.872,27.866,0.000,35.638,1.572,0.049,1.138,5.906,0.000,10.636,1.863,0.458,9.002,16.868,0.000,21.572,0.952,0.030,0.689,3.575,0.000,6.438,1.128,0.277
deno,ws,20260803T210250Z__profiling__deno__ws__loss0pct__delay0ms,65175.893,99.61,15.283,55.154,0.004,7.477,10.349,0.579,7.662,3.893,6.843,0.000,4.199,0.321,3.519,8.429,0.001,1.143,1.582,0.088,1.171,0.595,1.046,0.000,0.642,0.049,0.538
deno,wtstream,20260803T210250Z__profiling__deno__webtransport__loss0pct__delay0ms,24246.969,140.20,57.824,18.317,8.234,2.785,14.773,26.395,1.588,1.770,3.467,3.139,13.077,0.398,6.057,10.592,4.761,1.610,8.543,15.262,0.918,1.023,2.005,1.815,7.562,0.230,3.502
deno,wtdgram,20260803T210250Z__profiling__deno__webtransport-datagram__loss0pct__delay0ms,34734.394,101.39,29.191,34.014,12.088,5.052,16.248,2.408,2.662,3.228,3.368,5.861,8.880,1.213,4.978,9.929,3.529,1.475,4.743,0.703,0.777,0.942,0.983,1.711,2.592,0.354,1.453
bun,ws,20260803T211610Z__profiling__bun__ws__loss0pct__delay0ms,126455.791,99.45,7.864,78.007,0.000,0.000,2.068,0.248,4.650,4.794,3.641,0.000,5.014,0.027,1.551,6.135,0.000,0.000,0.163,0.020,0.366,0.377,0.286,0.000,0.394,0.002,0.122
bun,wtstream,20260803T211610Z__profiling__bun__webtransport-vmeansdev__loss0pct__delay0ms,56799.272,317.93,55.975,37.278,6.748,17.156,8.005,4.308,0.002,1.295,6.185,0.003,10.785,4.623,3.611,20.866,3.777,9.603,4.481,2.412,0.001,0.725,3.462,0.002,6.037,2.588,2.021
bun,wtdgram,20260803T211610Z__profiling__bun__webtransport-datagram__loss0pct__delay0ms,43355.891,302.45,69.760,37.018,10.061,24.963,2.679,2.720,0.000,1.154,6.366,0.000,10.244,1.301,3.495,25.824,7.019,17.414,1.869,1.898,0.000,0.805,4.441,0.000,7.146,0.908,2.438
